#{"t_start": 1780297418.6229866, "env_id": "None"},
r,l,t
-299.504341,13,18.182688
-232.462078,13,27.541088
-218.927871,24,36.721501
-600.176052,34,46.945735
-388.164993,22,56.077452
-467.572695,50,66.061771
-591.610462,52,75.990642
-727.565113,36,86.281062
-202.295018,11,94.470632
-221.403727,12,102.715148
-304.362983,13,111.936568
-326.993304,14,120.614236
-241.085041,14,129.596357
-340.932262,16,138.936476
-797.787198,31,148.603936
-491.105156,35,158.593208
-246.450629,14,167.668351
-337.157142,14,176.295903
-364.048992,17,184.835598
-382.086939,22,194.366658
-444.473879,23,204.003441
-535.902656,47,214.161725
-346.652192,16,222.446257
-372.308419,35,231.964857
-425.706339,27,240.795941
-613.738014,48,251.075191
-242.762057,15,259.399177
-329.82597,15,267.775067
-252.544016,14,276.170995
-276.895221,14,285.506048
-641.68375,46,295.257597
-353.682271,19,304.346752
-827.977505,77,315.634798
-445.824037,27,325.158694
-158.508223,12,333.251886
-525.976612,39,342.64166
-718.238334,34,352.129694
-741.602666,32,361.91171
-550.152957,35,371.370358
-359.593044,21,380.654471
-536.122321,38,390.943367
-363.288877,18,399.424111
-459.654964,29,408.848009
-934.441681,70,419.982186
-398.276511,25,429.480441
-340.076793,17,438.967887
-297.336272,15,447.280619
-441.638299,63,568.856766
-496.163812,34,578.041136
-627.800604,37,587.626686
-457.311552,28,597.261653
-365.042236,16,605.83895
-342.882073,20,615.279039
-382.246635,25,624.692524
-383.913306,18,634.290676
-335.8737,14,642.838321
-477.438302,35,651.922339
-360.106657,22,661.361115
-580.700358,33,670.524033
-462.843966,47,680.699497
-249.774778,15,689.436945
-651.915782,37,698.996813
-465.364765,42,709.360264
-178.901934,14,717.505069
-539.654566,33,727.75209
-606.236303,35,737.564575
-3545.270979,265,759.048256
-654.987545,32,769.498483
-329.621298,19,778.436064
-308.960844,14,788.86956
-846.667557,43,799.952596
-352.088375,20,809.73866
-416.37932,34,819.965594
-644.270747,52,830.297068
-762.438509,68,841.347763
-182.715838,12,849.937468
-599.346602,46,859.972188
-805.518857,35,870.213048
-483.301666,42,880.226796
-642.588053,53,1000.894849
-428.235094,34,1010.579281
-383.919339,24,1019.865003
-390.2634,23,1029.285465
-769.297967,56,1039.556389
-223.018344,14,1047.819924
-395.057039,34,1057.682023
-516.598484,33,1067.612514
-317.754496,19,1076.860006
-374.168149,18,1085.831869
-351.225524,21,1094.615884
-227.946073,15,1103.944952
-203.474766,13,1112.132293
-400.682479,19,1120.710481
-202.255881,14,1129.187992
-749.062555,65,1139.824431
-706.231298,31,1149.525447
-752.822809,64,1160.388266
-310.247687,16,1169.232367
-450.447996,30,1178.875361
-618.021234,35,1188.050464
-213.670994,11,1196.784344
-217.399451,13,1205.374965
-210.072073,13,1214.672128
-207.177507,13,1223.2879
-327.819391,14,1232.137051
-396.149429,24,1241.634039
-643.471418,44,1251.596999
-227.303792,16,1260.034769
-421.698829,23,1269.077439
-521.172315,37,1278.58919
-507.347756,45,1289.069938
-265.957535,18,1297.632719
-209.312238,13,1306.799808
-230.410848,12,1315.745543
-484.344826,37,1325.380047
-251.761166,19,1334.190362
-506.757711,62,1344.892062
-361.405874,24,1353.529339
-389.282297,24,1362.215685
-314.207355,48,1371.95216
-326.356185,21,1381.391555
-564.463173,35,1391.642437
-438.169447,26,1401.239724
-382.11314,24,1410.775905
-387.562119,22,1420.212876
-317.346194,15,1429.538152
-754.394949,33,1439.370312
-368.411031,22,1554.370207
-458.706952,34,1563.603888
-336.202877,53,1573.642643
-281.557938,14,1582.964621
-196.104357,11,1591.661006
-320.789942,25,1600.285091
-198.556548,11,1608.891976
-290.122236,15,1617.424089
-509.780965,30,1626.751847
-503.280371,36,1636.484171
-645.283872,43,1646.971375
-314.324251,13,1656.086567
-513.479652,46,1666.280524
-365.674205,22,1675.715703
-559.451551,49,1686.392675
-464.655354,29,1696.037941
-489.065497,34,1705.725195
-267.934476,22,1714.523577
-205.009068,14,1722.551415
-215.028741,12,1731.641505
-255.294419,14,1739.975201
-331.595524,15,1748.917168
-374.986874,22,1757.691514
-478.785775,32,1767.142647
-278.234789,17,1776.280108
-293.889596,18,1785.662011
-496.51754,43,1795.448997
-335.378244,17,1804.343448
-284.607405,16,1812.483037
-197.533217,11,1821.533955
-619.054021,60,1832.320493
-377.090153,27,1841.869058
-385.675246,29,1851.195529
-659.232202,39,1860.673958
-455.434228,35,1870.095064
-345.87381,16,1879.426516
-428.040849,44,1889.929832
-231.174324,12,1898.449193
-579.358908,44,1908.550676
-453.281869,29,1918.136525
-384.810159,26,1927.485008
-210.872001,13,1936.289779
-432.660595,37,1945.58072
-455.852839,36,1954.925709
-348.57088,17,1964.042104
-484.025811,51,1974.392987
-3410.214625,270,2110.096336
-282.541501,15,2118.833971
-360.02676,24,2128.316059
-232.547442,16,2137.555042
-314.557068,15,2146.799482
-488.598472,28,2156.539205
-498.826758,68,2167.399155
-193.148309,14,2175.417748
-321.642735,15,2184.813031
-210.065216,12,2193.282083
-187.739323,11,2201.667302
-599.771961,45,2212.252689
-443.868062,42,2222.036598
-305.601706,13,2230.89356
-5985.284022,380,2257.372681
-424.143793,24,2266.424619
-323.169812,15,2275.761961
-395.321852,24,2285.377249
-643.960326,32,2295.315415
-350.949107,18,2304.340879
-398.820845,30,2313.866057
-344.716063,19,2322.328801
-275.641083,14,2331.385235
-458.773259,31,2340.533685
-463.589171,34,2349.742925
-426.071248,26,2359.185348
-464.062006,41,2369.44012
-274.215779,15,2378.778462
-183.137506,12,2386.937262
-374.891078,18,2524.051385
-580.067485,54,2534.199718
-401.040227,25,2543.032357
-305.873753,16,2551.95088
-400.234749,29,2561.232004
-285.620265,16,2570.678328
-377.22572,23,2580.144423
-342.777118,22,2589.527599
-331.04581,31,2598.709821
-206.555489,12,2607.903708
-2730.723376,178,2624.37129
-481.971714,65,2635.36375
-406.570026,26,2644.353289
-354.290826,20,2652.947289
-412.36938,36,2662.737167
-192.922995,12,2671.279333
-298.708875,15,2679.42549
-265.849592,15,2687.862243
-174.750588,17,2696.04857
-336.223364,16,2704.733919
-720.133058,34,2714.866419
-498.977507,33,2724.612696
-206.982099,13,2733.36157
-556.995202,54,2743.656086
-410.295672,37,2753.745501
-401.15174,23,2763.43234
-230.014413,13,2772.470635
-705.366467,36,2782.364184
-260.404569,13,2790.526243
-359.862847,26,2799.664904
-378.466446,22,2809.104716
-700.9244,32,2819.352062
-530.878533,41,2829.102454
-508.236381,38,2839.368471
-520.120357,39,2848.954598
-391.82622,24,2858.338934
-550.736205,38,2868.483523
-336.952038,22,2877.288551
-376.256399,20,2886.031468
-304.792284,14,2895.451634
-450.146757,40,2906.182332
-216.414698,12,2914.924609
-533.588678,48,3050.635705
-527.924731,53,3060.88423
-226.117216,13,3069.970072
-483.128151,28,3079.454731
-260.167617,14,3088.794173
-457.092067,40,3098.638968
-701.911705,61,3109.16375
-246.268614,13,3118.516273
-530.513306,32,3127.741198
-646.445963,49,3137.817792
-300.886784,16,3146.401412
-317.889365,13,3155.0979
-439.599488,26,3164.886349
-320.301909,19,3173.44914
-447.264099,35,3183.001014
-382.43469,19,3192.596959
-615.861274,36,3202.163759
-380.970757,25,3211.550226
-207.404136,12,3220.662261
-308.345505,16,3229.131909
-305.529883,18,3238.012249
-339.385522,19,3247.036453
-300.545642,18,3256.377889
-347.850777,18,3265.318459
-378.07241,19,3274.19234
-314.633987,18,3283.684399
-655.97687,49,3294.06675
-338.419863,18,3302.843728
-315.87089,41,3313.250023
-598.269533,38,3322.830925
-294.370392,17,3331.539311
-198.835206,13,3339.572727
-369.638751,25,3348.37634
-322.299644,19,3357.597012
-572.163496,37,3367.332112
-397.231031,34,3377.194595
-296.033529,15,3386.100887
-413.452478,23,3395.332651
-381.11203,25,3404.755513
-405.222325,34,3414.982191
-254.88216,20,3424.352162
-586.851594,52,3434.778113
-404.182076,27,3443.855082
-585.611982,32,3453.865882
-265.975985,13,3463.207785
-339.116228,20,3472.589318
-509.338102,45,3483.266101
-340.325906,20,3491.889262
-397.682253,24,3616.370903
-421.155972,38,3626.491065
-465.011473,48,3636.333578
-314.11509,16,3645.641094
-405.526817,56,3656.706654
-361.583838,22,3665.889251
-467.56046,36,3675.76093
-629.977857,46,3685.840014
-202.212509,12,3694.475221
-416.364523,22,3703.169238
-316.975942,15,3711.562533
-493.068284,39,3721.006469
-451.164636,50,3731.738528
-363.128247,54,3743.207901
-398.581175,39,3753.830029
-298.587115,22,3763.5081
-286.900509,15,3771.881921
-359.364822,23,3781.38427
-262.803133,13,3790.659099
-356.67904,19,3799.884688
-272.804589,16,3809.935742
-618.478362,54,3820.277636
-493.396313,29,3830.060149
-392.521456,23,3838.905384
-684.435339,50,3849.129409
-372.241546,22,3858.51739
-253.85287,14,3867.85542
-315.955546,18,3877.246398
-352.330495,21,3886.536591
-369.50314,18,3895.240531
-515.618818,47,3905.996266
-651.253102,34,3915.187118
-363.773103,24,3924.682992
-576.670147,49,3934.562075
-475.15283,30,3944.416904
-509.225748,34,3953.507531
-344.107952,21,3962.6483
-312.486827,14,3971.724602
-308.406383,15,3980.552628
-297.53844,20,3989.931811
-359.968215,25,3999.149186
-396.063993,27,4008.633591
-445.931229,28,4017.659605
-345.995606,37,4027.948928
-300.955918,14,4155.375887
-327.399102,36,4165.520265
-332.564621,20,4174.743043
-324.716302,19,4183.115548
-363.467624,19,4192.64545
-475.952909,38,4202.153225
-310.684812,19,4211.584601
-415.30327,38,4221.432636
-269.878281,14,4229.664348
-383.515414,26,4239.340321
-730.174922,71,4250.482419
-338.816166,17,4259.465827
-648.011841,63,4270.911424
-2539.655027,174,4287.347585
-512.377545,41,4297.17797
-508.445369,43,4306.783216
-503.764932,36,4316.10644
-288.048463,14,4325.28043
-332.153609,17,4334.572668
-606.774557,39,4344.416795
-253.030998,13,4353.805659
-295.530605,17,4362.287905
-341.392701,21,4371.121716
-469.041454,27,4379.905588
-184.256042,12,4388.060649
-317.873381,13,4396.864477
-437.993177,33,4406.487943
-416.495031,29,4416.232924
-378.342347,28,4425.315531
-341.501067,16,4434.405553
-354.004156,23,4443.887263
-308.388521,15,4452.015538
-456.698897,35,4462.152055
-5215.722415,391,4617.878281
-642.354918,49,4628.958077
-619.317289,43,4638.632717
-428.715314,29,4647.453315
-793.085885,79,4658.951622
-271.556827,14,4667.094184
-333.940153,19,4676.475938
-672.666221,64,4687.425959
-544.649949,46,4697.716072
-360.238145,24,4707.450416
-367.072938,21,4716.280934
-762.468968,44,4726.0134
-403.18145,29,4735.710697
-221.276658,14,4744.290717
-384.379981,27,4753.879179
-467.907098,42,4764.179686
-319.618525,20,4773.575451
-563.562374,41,4783.562435
-330.312567,44,4794.296947
-231.948236,17,4803.088271
-314.769368,16,4811.771019
-477.22363,53,4822.2854
-760.466847,68,4834.021135
-3443.593974,234,4853.159272
-334.545636,17,4862.594891
-354.049017,25,4871.804759
-547.107326,51,4882.223771
-192.362331,11,5029.54218
-418.947291,29,5039.174911
-336.410584,16,5048.466103
-360.086345,20,5056.965094
-225.957173,12,5065.778625
-338.434035,21,5074.446368
-229.44181,16,5083.042732
-317.539649,17,5092.626168
-186.149648,11,5101.385068
-269.610817,24,5109.963328
-224.837254,12,5118.414662
-399.854403,28,5127.503871
-415.721087,29,5136.793025
-292.100743,14,5145.219164
-212.15032,13,5153.611342
-214.814225,14,5162.843079
-290.512419,16,5171.421567
-386.7014,21,5180.430477
-611.45486,57,5190.847828
-276.466058,14,5199.73982
-304.951775,14,5208.708923
-365.167583,21,5218.149616
-212.579916,12,5226.904556
-339.827469,37,5237.142535
-303.386028,17,5246.637074
-320.518514,15,5255.053722
-328.861852,19,5263.799664
-366.455084,40,5273.344804
-355.271481,21,5282.836064
-491.2821,35,5292.276815
-429.92774,27,5301.537626
-305.7057,17,5310.126131
-337.129932,21,5318.658412
-347.21656,16,5327.744486
-285.180582,18,5337.202957
-486.501107,37,5346.5928
-384.567871,31,5356.397596
-360.884955,20,5365.923812
-346.352205,21,5374.44804
-272.30189,23,5384.103371
-431.754677,34,5394.150695
-339.16116,22,5404.219705
-331.850996,16,5413.802394
-2486.40362,192,5431.398338
-329.149242,28,5441.141464
-396.729637,27,5449.97856
-588.373598,50,5460.774589
-573.589165,41,5470.41613
-289.244441,13,5479.449769
-447.16384,31,5605.742847
-322.098352,19,5614.376308
-672.401581,55,5624.811631
-204.878369,11,5633.728899
-313.338667,15,5643.112091
-351.324963,16,5651.670846
-352.234009,22,5660.14209
-408.612748,24,5669.666817
-298.865675,17,5678.596798
-332.921026,16,5687.148067
-180.704911,11,5696.298091
-244.980214,17,5705.687805
-320.099615,23,5715.127567
-664.56192,74,5726.205297
-368.364397,23,5735.833512
-340.804463,18,5745.337969
-520.08678,35,5754.980731
-530.31352,39,5764.761313
-364.522585,20,5774.052429
-353.660919,25,5783.032187
-318.848946,15,5791.920227
-129.207156,17,5800.17068
-333.241451,18,5809.194356
-325.897262,19,5817.733186
-400.449669,29,5827.366301
-370.944401,19,5836.660256
-301.466564,18,5844.902055
-423.813162,25,5854.1046
-480.711028,45,5863.841215
-386.272993,23,5872.3758
-3397.439868,227,5891.409774
-198.185463,12,5900.368127
-584.383917,41,5910.50207
-571.998254,55,5920.729372
-5946.243513,392,6074.729418
-322.332226,18,6084.103551
-255.971628,13,6092.16992
-275.937043,14,6101.322658
-617.690323,49,6111.612797
-506.599275,34,6121.478642
-307.375394,15,6129.843
-767.154346,73,6141.706473
-380.773491,30,6151.887023
-195.827781,12,6160.911387
-600.57154,44,6171.650017
-344.236385,20,6180.340057
-349.162696,22,6189.831069
-444.161917,64,6200.61572
-290.800416,17,6210.424992
-189.481434,11,6218.758792
-365.950506,29,6228.384852
-519.965413,37,6238.652993
-322.080955,17,6247.541703
-376.707438,49,6257.45777
-347.86245,24,6266.687584
-525.390857,36,6276.664989
-285.383567,15,6285.75195
-338.569186,30,6294.752228
-479.854215,28,6304.129097
-192.333578,13,6312.859696
-3572.118956,238,6332.457902
-478.516014,35,6342.93303
-422.211252,23,6351.91546
-354.51163,21,6361.29121
-390.970149,26,6370.368189
-270.770695,21,6379.857953
-324.313096,44,6525.58311
-353.266164,21,6534.619333
-530.797809,35,6544.566561
-198.646313,11,6552.955211
-469.035982,38,6562.388848
-418.12063,38,6572.13227
-426.47152,27,6582.021173
-301.961273,21,6591.292952
-549.1101,42,6601.893447
-2821.709168,212,6620.148655
-220.599248,12,6628.996599
-302.707716,14,6638.036308
-227.593093,15,6647.072506
-2490.734063,193,6664.375568
-307.789272,17,6673.477361
-427.073175,32,6683.100213
-512.14426,42,6693.080263
-696.313617,44,6703.71099
-478.457873,44,6714.743192
-491.010664,36,6724.193038
-500.653114,50,6734.624025
-500.557666,37,6744.020684
-513.267765,42,6754.049327
-316.972562,21,6763.483122
-383.380015,17,6773.322975
-228.907723,19,6782.409068
-349.686522,27,6792.110703
-2467.6616,178,6940.425874
-542.587676,63,6952.013681
-324.742035,21,6961.461202
-262.748824,16,6969.667404
-313.302223,28,6979.004972
-532.993083,37,6988.442902
-326.846712,16,6997.454289
-339.353157,20,7006.512785
-382.124359,27,7015.939079
-327.381693,21,7025.225631
-405.604408,27,7034.320019
-332.064558,16,7042.967777
-344.036775,20,7053.588746
-372.909281,22,7062.144908
-290.110014,15,7072.008138
-311.429331,20,7081.433065
-335.211986,21,7090.208176
-553.112476,51,7100.9476
-448.501798,39,7110.428742
-311.961614,43,7120.581566
-272.241769,13,7128.627172
-351.737519,20,7138.359842
-276.961652,25,7147.459811
-351.892262,52,7158.354413
-441.827964,48,7168.642162
-606.703543,46,7178.497995
-631.586605,49,7188.786642
-315.405138,15,7198.114896
-171.032327,12,7207.156307
-363.932399,24,7216.296077
-523.987741,40,7225.840401
-303.743555,15,7234.782776
-221.457188,11,7243.028783
-315.971516,15,7252.016036
-369.430394,28,7261.067692
-737.923323,74,7272.41077
-490.048547,27,7281.64414
-293.405429,16,7290.859226
-377.797589,25,7299.956216
-471.669794,47,7310.146604
-323.082976,19,7319.190067
-406.8395,30,7328.564991
-268.23918,16,7336.855263
-440.246224,39,7346.188989
-253.450757,19,7354.581418
-139.657613,11,7478.904533
-366.854372,24,7488.536603
-613.92812,48,7498.344377
-4849.266135,334,7522.892963
-331.193429,19,7531.630876
-286.955335,18,7540.007221
-466.279588,39,7549.897076
-323.835905,21,7558.339313
-359.853774,25,7567.184674
-611.424763,47,7577.278861
-304.348073,35,7587.070884
-648.982146,62,7597.759881
-317.828054,15,7606.802497
-185.130977,17,7615.085852
-382.165091,25,7624.122572
-513.57774,48,7634.471352
-255.254454,13,7643.815508
-291.953645,15,7652.213688
-339.700827,15,7660.662863
-294.003804,14,7669.841083
-411.855843,31,7679.125346
-232.615229,14,7688.072041
-222.96384,15,7696.664317
-3890.188885,285,7718.348963
-339.333905,19,7727.746681
-327.02681,18,7736.578499
-469.346124,33,7745.629642
-322.148187,13,7754.617102
-332.913737,19,7895.785802
-256.398363,21,7904.598934
-567.989009,36,7914.496951
-277.595738,17,7922.949212
-218.742985,18,7931.653346
-230.873174,21,7940.536833
-355.962888,20,7949.777081
-213.404647,11,7958.614339
-184.781997,13,7966.901768
-307.517741,20,7976.029999
-326.1901,16,7984.418256
-312.703423,20,7993.664486
-201.992064,19,8002.203616
-457.55844,31,8012.243862
-422.325274,43,8022.28422
-294.82544,42,8032.286323
-284.914305,20,8040.680843
-298.753416,21,8050.109108
-581.931821,56,8060.693859
-509.336312,31,8069.876889
-291.982377,15,8078.617001
-207.880495,15,8087.53677
-180.8714,11,8096.696161
-589.874959,58,8107.084186
-342.258849,19,8116.47565
-520.498953,42,8126.162974
-374.243472,25,8134.897315
-323.315562,18,8144.3083
-482.713921,46,8154.360481
-285.876656,45,8164.152399
-209.445051,12,8173.20966
-332.912692,25,8182.774111
-692.717705,36,8192.693624
-307.69946,20,8202.065265
-645.179828,32,8212.11083
-227.754983,18,8220.574022
-573.935527,47,8230.316843
-204.573533,13,8238.595711
-323.917846,23,8248.28553
-323.11878,22,8257.286337
-319.685673,22,8266.719415
-367.090861,25,8276.002736
-166.285077,12,8284.532849
-614.263975,52,8295.052389
-346.502866,24,8304.649376
-405.377254,34,8314.145705
-278.513278,18,8323.1332
-391.056458,30,8332.72423
-347.825935,21,8342.159364
-461.829454,27,8466.68626
-398.689519,42,8476.786027
-270.216274,18,8485.530228
-564.299297,61,8496.259141
-186.382526,11,8505.028086
-270.688414,34,8514.058005
-4440.28463,338,8539.140895
-508.645894,52,8549.388095
-329.444106,18,8558.076169
-294.139532,27,8567.268936
-172.490012,12,8575.660456
-433.17648,33,8585.356175
-168.846115,11,8594.043638
-302.80097,43,8603.690018
-426.182025,32,8612.926204
-437.077612,40,8623.109442
-593.342757,32,8633.042906
-578.286016,39,8643.241556
-595.877299,34,8653.281847
-215.208443,16,8662.423102
-359.194796,36,8672.1293
-295.141483,13,8680.419615
-365.780875,24,8689.151968
-515.860827,37,8698.992925
-363.517117,28,8707.786273
-533.439372,32,8717.682694
-549.031465,45,8728.054025
-194.292762,13,8736.546201
-644.356617,34,8746.852063
-367.017272,21,8755.704059
-539.875157,42,8765.489194
-5186.826235,363,8915.48213
-354.177999,53,8926.279805
-154.823003,12,8934.259845
-342.864494,43,8944.458743
-616.206121,57,8955.509501
-219.37685,14,8964.595135
-475.844488,35,8974.36195
-300.261421,14,8983.716087
-716.899596,57,8994.314581
-427.788661,38,9004.564854
-556.251279,52,9014.619229
-369.339631,46,9025.323548
-558.691687,41,9034.724836
-158.595388,13,9043.916003
-389.185202,43,9053.852119
-493.61306,48,9064.301809
-228.012299,14,9072.487853
-284.002923,17,9081.588833
-361.538407,29,9090.7724
-516.478366,36,9101.263239
-206.822822,11,9109.559483
-443.969198,44,9119.375959
-628.49419,30,9129.268462
-416.472331,33,9139.067744
-594.099854,31,9148.669743
-284.736096,19,9158.053893
-469.381342,51,9168.354159
-402.170203,35,9177.493336
-317.7622,17,9186.834949
-347.671513,24,9196.624713
-356.424432,51,9327.85177
-745.524121,56,9338.221122
-393.336055,30,9347.758878
-222.628219,16,9356.891761
-201.543833,14,9365.494188
-402.350208,39,9375.086376
-567.599645,72,9386.127694
-444.149059,53,9396.372146
-246.986069,23,9404.858947
-540.63677,43,9414.946319
-426.38586,39,9425.245295
-260.2671,23,9434.582045
-730.18665,39,9444.778066
-390.780181,42,9454.671063
-148.10925,11,9462.893108
-798.753042,84,9474.495358
-421.950725,35,9484.802487
-350.440993,25,9493.842821
-504.557153,61,9505.080547
-2607.481688,192,9522.073043
-280.829961,15,9531.427553
-740.493313,50,9541.909809
-2269.929903,174,9558.09675
-505.820331,42,9568.536472
-302.983728,29,9577.500354
-296.965994,19,9586.95025
-547.883552,52,9737.178125
-332.684731,32,9746.70219
-166.2313,12,9754.788848
-872.582349,52,9765.747698
-412.153827,39,9775.958714
-498.326549,40,9785.952006
-327.936521,20,9795.396294
-534.788455,35,9805.710749
-517.338354,43,9815.960377
-854.541784,48,9825.99984
-309.759658,22,9835.88719
-227.452075,19,9844.170177
-153.612912,11,9854.027107
-194.142494,14,9863.060123
-197.257591,14,9872.398718
-213.369667,17,9881.57868
-628.110847,32,9892.056416
-668.275823,33,9902.306965
-205.543338,16,9911.554741
-181.288928,13,9920.318386
-609.342057,38,9930.961286
-711.415116,35,9940.688416
-2475.603374,177,9957.627096
-292.42985,14,9967.599935
-217.655895,19,9976.484303
-396.164042,38,9986.316372
-335.044858,40,9997.561776
-361.469754,22,10006.38834
-701.375246,41,10017.45925
-314.990566,14,10027.10961
-528.584935,37,10036.54646
-353.388162,26,10046.59588
-183.448929,16,10054.98829
-633.139896,35,10065.05935
-547.180094,36,10075.73393
-313.42264,20,10084.27668
-381.661685,23,10094.40215
-788.145904,52,10105.53658
-185.229141,13,10114.02451
-606.998773,42,10251.69193
-208.267281,18,10260.00694
-209.16176,15,10268.93967
-669.867435,54,10279.77871
-208.85431,15,10288.92608
-225.680071,19,10298.1906
-218.226034,20,10307.31835
-2453.179592,186,10324.64464
-526.121515,36,10335.09995
-347.218307,35,10345.30189
-688.801982,35,10354.40672
-218.661678,19,10363.62991
-296.256564,24,10372.73979
-177.550669,14,10381.28225
-711.463482,37,10391.70063
-637.603551,47,10402.83391
-666.4828,48,10412.7915
-192.035018,15,10422.26458
-219.983565,16,10431.89193
-425.283012,45,10441.9312
-232.978177,14,10451.83025
-180.777493,15,10460.0478
-302.344771,18,10469.432
-602.310467,37,10480.18499
-582.160183,39,10489.60527
-483.248714,32,10499.49642
-238.669463,16,10509.05433
-157.139885,11,10517.09564
-246.75874,19,10526.287
-181.764367,15,10534.73504
-241.241279,18,10544.4956
-310.196066,30,10554.02288
-196.461417,14,10562.2198
-658.835531,33,10572.28027
-200.599634,12,10581.55445
-167.18422,11,10589.78611
-534.160528,47,10600.32895
-2299.262645,169,10616.90728
-526.531828,36,10764.57021
-460.763056,34,10773.83737
-600.099507,62,10785.06023
-635.522587,37,10795.02136
-192.704489,14,10804.38104
-519.285497,48,10815.30021
-189.681318,13,10824.93391
-422.039824,41,10834.77954
-659.922727,35,10845.55326
-171.595575,11,10854.71774
-630.407301,35,10863.95315
-183.406388,12,10873.22422
-535.153573,35,10883.68086
-629.027241,35,10893.2273
-727.839352,37,10903.86681
-191.624892,16,10912.45679
-207.987085,12,10921.50246
-203.02251,12,10931.18912
-539.559317,35,10941.40081
-335.820904,45,10951.47449
-172.914882,11,10961.04758
-209.459893,16,10970.4362
-286.158887,18,10979.82293
-203.173285,15,10988.56594
-159.445644,13,10997.88255
-810.067397,47,11008.7387
-2649.990587,188,11026.51485
-658.793112,35,11036.10178
-659.683271,39,11047.03701
-573.717122,38,11056.48009
-683.558443,37,11066.46241
-262.194704,21,11075.00401
-230.189796,12,11084.50404
-446.825285,33,11094.28144
-193.505033,13,11103.16563
-189.091279,11,11112.62609
-2475.40609,176,11265.35921
-552.311997,34,11274.87197
-475.64109,33,11285.12991
-664.087538,36,11294.80326
-2435.938452,182,11311.96463
-307.049862,28,11322.07804
-415.802128,36,11332.27428
-164.814391,12,11340.4226
-649.356509,33,11351.11449
-189.683461,12,11360.41401
-776.596741,51,11370.45162
-211.058028,14,11380.26435
-258.743348,23,11389.40504
-454.008518,37,11399.10821
-369.290995,35,11409.45353
-481.824052,41,11418.95254
-704.577768,51,11429.65913
-478.500837,41,11440.59761
-275.177222,21,11450.08462
-690.396455,36,11460.29141
-455.385452,39,11470.27739
-216.036127,14,11479.16977
-464.392411,58,11490.03299
-351.172546,23,11499.09354
-221.721231,14,11507.3851
-636.416208,38,11517.26936
-455.174326,46,11527.71974
-360.702053,19,11536.24568
-170.754639,11,11545.54351
-632.669876,32,11555.60354
-463.129711,50,11565.69502
-252.085088,18,11575.45277
-215.845616,17,11584.0952
-232.399717,18,11593.8882
-184.931468,16,11602.54943
-255.789625,21,11611.80499
-607.37674,34,11621.65804
-298.133102,41,11761.66489
-455.96752,42,11771.82353
-394.279042,28,11782.00317
-370.237098,36,11791.84226
-539.720473,58,11802.93512
-155.562547,13,11811.50474
-591.575566,31,11821.45943
-491.772723,36,11831.43754
-289.947773,16,11840.54538
-216.165066,16,11849.20728
-227.492018,18,11858.73665
-276.608061,15,11868.13656
-503.917097,40,11878.1487
-211.062348,19,11887.25072
-208.084236,14,11895.84608
-345.30999,42,11906.05089
-344.55535,44,11915.95812
-438.775093,39,11926.6093
-297.087278,38,11936.5736
-3201.838309,250,11958.2304
-427.596261,34,11967.9903
-203.144128,13,11976.70515
-178.077044,10,11985.6096
-614.392563,35,11996.21878
-368.388981,24,12005.37601
-668.185302,35,12015.7831
-220.844133,15,12025.01732
-181.333764,13,12033.86664
-533.986367,38,12044.29518
-389.599711,28,12054.48827
-256.79476,15,12063.88441
-274.832346,29,12073.48889
-326.130763,35,12083.63261
-200.739751,17,12092.48138
-182.02023,12,12101.27986
-377.059125,40,12111.75435
-298.504946,38,12121.25288
-598.606066,54,12256.41713
-282.634461,19,12265.28193
-668.137367,32,12275.48946
-174.650296,11,12284.55955
-424.41599,35,12294.98628
-2472.483418,186,12312.34421
-587.398337,43,12323.35233
-145.464808,11,12331.34902
-319.35781,22,12340.95113
-660.358711,38,12350.74877
-728.16292,35,12360.51154
-247.282695,40,12370.72201
-246.161432,24,12379.51859
-3961.467169,272,12401.87107
-264.853988,16,12411.81033
-262.077239,17,12421.26921
-477.621998,37,12431.19505
-371.617752,38,12441.24554
-240.244082,17,12450.27235
-576.866764,49,12460.71018
-538.809802,42,12470.75909
-353.64727,38,12480.63357
-264.04943,14,12490.50825
-350.174492,24,12500.00581
-363.045399,23,12509.25328
-623.031677,34,12519.45935
-229.562967,13,12528.26106
-305.704251,16,12537.76478
-571.276016,45,12548.70442
-2440.113167,194,12702.76405
-281.160901,26,12712.26601
-382.195629,31,12721.91701
-4246.150921,310,12745.90439
-344.226605,39,12755.80097
-478.966875,38,12765.2423
-235.945889,31,12775.38421
-207.752634,16,12784.43655
-292.185888,19,12793.53732
-311.797816,32,12803.58313
-323.004176,44,12813.93083
-618.881679,38,12824.14279
-671.997587,33,12834.538
-604.120535,46,12844.63617
-178.952581,12,12853.79156
-174.073901,16,12862.49982
-406.611056,39,12872.90688
-587.113974,47,12883.58804
-354.541387,25,12893.6205
-152.7396,11,12901.62598
-353.068242,39,12912.08981
-206.106702,15,12921.28375
-308.610903,20,12930.94591
-520.475623,36,12941.6962
-278.939354,16,12951.08964
-306.401079,23,12960.64066
-364.412926,39,12970.70264
-317.010051,15,12979.71065
-381.264238,37,12990.42779
-231.012075,18,12999.66726
-642.269735,72,13143.61965
-407.788738,36,13153.78211
-466.380115,53,13164.63297
-163.469688,11,13173.43369
-186.18608,15,13181.87913
-286.369069,49,13192.25699
-499.038905,33,13201.37105
-531.968606,38,13212.25615
-403.058467,39,13222.91866
-541.463402,39,13232.42715
-327.661711,58,13242.97506
-291.640021,15,13252.66823
-284.103867,19,13261.86782
-215.511474,15,13271.17994
-445.254419,51,13282.69312
-594.40467,62,13293.33715
-182.990536,15,13302.25322
-702.335302,43,13313.16523
-175.838058,12,13321.16489
-471.921107,41,13331.92328
-659.570819,39,13342.21192
-181.831734,15,13351.37909
-285.839975,15,13361.19452
-567.019076,39,13370.54632
-183.648033,12,13380.03437
-191.520032,16,13389.45327
-334.115301,24,13398.39207
-236.406988,18,13407.7303
-230.005399,20,13416.33918
-660.37178,75,13427.77714
-613.035702,37,13438.03768
-207.910531,16,13446.30103
-370.34005,29,13455.89904
-276.821511,18,13465.81725
-562.605999,37,13476.31665
-179.575562,13,13484.56774
-7130.63238,513,13664.75625
-220.259689,20,13673.85476
-720.077509,40,13684.20398
-675.731044,31,13694.31945
-322.016442,47,13705.12943
-192.357474,13,13714.22336
-332.168089,20,13723.72528
-529.928099,55,13734.78345
-612.109811,33,13744.73766
-700.77171,55,13755.49393
-334.21754,27,13764.8139
-612.104373,29,13774.97671
-428.584521,44,13785.50432
-362.891309,41,13795.68921
-200.691201,12,13804.13303
-545.922689,38,13814.88628
-387.416926,27,13825.11453
-405.336292,32,13834.31965
-207.043677,15,13844.05267
-491.407635,42,13854.62778
-253.600299,18,13864.07785
-251.07379,16,13873.73722
-389.64941,32,13883.8494
-306.427197,19,13892.94671
-255.852407,20,13902.88938
-464.937094,47,13913.74257
-495.445975,40,13924.0369
-153.714581,11,13933.51414
-402.902387,40,13943.90049
-395.133587,39,13953.44874
-559.247582,34,13963.51837
-151.852933,12,13971.62147
-457.832224,68,14110.73759
-344.736764,29,14119.69019
-517.104308,32,14130.40769
-502.217507,33,14140.86176
-368.571694,30,14150.65263
-159.500358,11,14159.76338
-374.805068,28,14169.86083
-603.338094,36,14179.8222
-470.786673,32,14190.57664
-471.288913,36,14200.55827
-652.219629,34,14210.31119
-302.664227,20,14220.16912
-275.340652,17,14230.25485
-487.991029,46,14240.59584
-299.46323,21,14249.88212
-493.930103,31,14260.09264
-650.101379,39,14269.68728
-531.305434,34,14280.57218
-499.350478,39,14291.32104
-336.716997,17,14300.46816
-406.056773,32,14310.62092
-363.500265,21,14320.22207
-205.661323,23,14329.57253
-488.888958,49,14339.70403
-236.811215,17,14348.9935
-172.058243,15,14358.13693
-293.539826,22,14368.05609
-221.768514,35,14378.35416
-732.803302,34,14388.54773
-211.24623,16,14397.57225
-218.904427,17,14405.87335
-513.430527,39,14416.26065
-272.226804,18,14426.27889
-488.802897,47,14436.6347
-430.181073,47,14446.7306
-344.11169,22,14456.62928
-19077.55121,1281,14649.4564
-402.335519,37,14659.56309
-710.80832,71,14671.08988
-302.321719,23,14680.92914
-407.636243,34,14690.68481
-191.400144,15,14700.34809
-189.423505,12,14709.68021
-507.962387,45,14840.73995
-168.762893,10,14850.07063
-176.740957,15,14859.8481
-131.14178,25,14868.74433
-322.751746,40,14878.93491
-596.149698,37,14889.52503
-355.507684,32,14899.28544
-254.163354,13,14909.14159
-348.550253,23,14918.99596
-372.063124,41,14928.68948
-505.643895,58,14939.62327
-347.372433,23,14949.60158
-411.50244,36,14959.40119
-633.607941,67,14971.75689
-413.609405,39,14981.93867
-385.458949,27,14991.69922
-315.206125,29,15000.76927
-314.318882,21,15010.8378
-216.922178,19,15019.72738
-239.369255,16,15029.64763
-191.086676,13,15038.99935
-3961.777234,308,15062.45602
-635.460186,70,15074.19186
-327.064045,21,15083.8284
-189.977724,12,15092.67928
-180.645792,17,15101.56082
-198.948784,13,15110.30558
-297.40663,16,15120.21386
-283.529101,18,15129.93462
-497.373775,37,15139.93637
-228.815522,15,15148.88828
-522.672771,65,15160.31581
-658.128377,61,15171.01146
-597.623843,33,15318.25697
-534.890369,59,15329.30625
-277.377986,14,15339.19604
-192.852292,37,15348.54153
-438.57213,60,15359.76398
-345.086962,19,15369.12075
-331.190643,24,15378.42071
-494.478229,39,15388.78246
-302.129965,19,15398.72525
-799.8373,46,15409.06837
-339.283459,17,15418.98337
-484.218483,41,15429.23418
-200.331504,13,15438.18134
-322.996276,21,15448.27424
-287.603781,48,15459.00892
-424.765545,32,15468.65487
-343.447803,33,15478.34423
-154.879172,12,15488.26504
-233.537376,17,15497.41506
-859.70921,78,15509.47597
-492.317001,39,15519.71396
-259.580646,15,15529.13049
-291.026573,20,15538.64601
-302.948942,29,15548.56019
-345.67329,29,15558.15809
-375.42026,27,15568.65176
-346.853518,35,15579.1039
-421.605936,28,15588.70505
-467.822023,38,15598.84102
-190.062971,16,15607.03931
-390.656982,29,15615.98824
-331.348184,16,15625.67093
-392.250644,30,15635.32356
-441.020135,44,15646.58302
-267.536065,19,15656.62009
-187.961743,12,15665.61055
-274.672072,25,15675.29813
-506.829574,36,15686.12801
-350.850987,32,15695.2361
-360.505477,35,15705.32252
-337.5653,29,15715.54291
-308.487851,20,15724.11467
-246.682242,18,15733.65879
-181.637663,13,15860.67409
-498.208469,45,15871.56202
-439.430261,35,15881.62199
-174.819136,13,15889.96128
-348.556403,24,15900.13366
-524.906205,43,15910.17439
-281.801302,15,15919.13065
-348.016073,20,15928.74781
-200.166367,12,15938.10711
-444.300046,44,15947.72743
-155.854895,12,15957.21488
-268.612231,67,15969.08226
-606.459539,51,15979.08378
-601.280762,68,15990.37262
-202.782532,14,15999.45413
-219.481097,21,16008.26167
-294.845374,18,16018.24051
-2812.045185,243,16038.39835
-261.301639,83,16051.12733
-211.053585,12,16059.99725
-244.403091,17,16069.40051
-369.358637,25,16079.05105
-266.259448,15,16088.90569
-306.492293,17,16098.25362
-317.915608,14,16107.91322
-357.877457,26,16117.52141
-324.265784,29,16127.13643
-399.162739,27,16136.68519
-267.087038,20,16145.73859
-283.797303,34,16155.87054
-442.022521,41,16166.05292
-580.489578,64,16178.03983
-351.076519,27,16187.957
-326.592396,20,16197.88148
-511.522624,51,16208.3524
-253.605916,27,16340.38499
-480.275113,36,16350.28932
-335.239683,19,16359.50243
-166.576757,13,16368.76405
-189.320204,12,16377.92927
-559.650455,33,16387.23652
-246.717233,14,16396.66533
-410.978061,32,16406.86682
-377.859799,47,16417.36278
-326.298733,68,16428.80688
-186.757543,17,16437.81864
-329.256409,25,16447.1094
-523.134065,43,16457.60717
-339.595738,41,16468.68307
-252.180409,41,16478.55276
-243.409574,23,16487.8387
-371.211373,22,16497.89022
-244.181032,37,16507.49023
-383.92312,33,16517.13409
-159.434046,13,16525.74647
-185.75247,15,16535.04147
-491.88274,37,16545.28334
-387.476749,68,16557.16192
-288.460754,24,16566.71297
-317.935951,28,16576.91999
-333.430283,18,16586.23501
-461.215484,34,16595.38088
-333.984318,38,16605.34994
-331.574791,24,16615.05352
-424.520874,35,16624.84421
-211.553768,17,16634.72251
-320.385521,14,16644.02819
-280.890865,14,16652.3745
-630.689515,58,16663.493
-412.401862,24,16673.7217
-238.801375,13,16681.92301
-273.313581,14,16691.63289
-223.04304,21,16701.13111
-218.977395,12,16710.33382
-202.20113,13,16719.05498
-308.301814,17,16727.40287
-325.351293,21,16737.15092
-327.372209,37,16746.74352
-467.241723,46,16757.33041
-436.198848,51,16768.21731
-273.444306,16,16886.00301
-311.577254,17,16894.64757
-267.803267,14,16904.37991
-310.670439,37,16915.30703
-337.483935,15,16924.70369
-369.555011,32,16934.90797
-284.623862,22,16943.91718
-271.765755,18,16953.36469
-168.008192,10,16962.15384
-422.927579,35,16972.69037
-208.496019,19,16981.89875
-326.098155,24,16991.12671
-213.085839,43,17001.22805
-256.693817,27,17010.83935
-541.774153,35,17020.80247
-284.019345,20,17029.29802
-325.484668,20,17038.97876
-211.171931,12,17047.72109
-352.110679,22,17057.3714
-531.257044,49,17068.06235
-544.666666,33,17078.62349
-333.965238,31,17088.27243
-317.428487,17,17097.4159
-521.358577,45,17107.36195
-317.386665,25,17116.39744
-252.21833,16,17126.26562
-261.055529,18,17135.71355
-344.152251,18,17145.10302
-668.645344,67,17157.49856
-321.210133,44,17168.6872
-562.519335,64,17179.45496
-263.17257,15,17189.36069
-197.596611,12,17197.75795
-389.006186,47,17208.35472
-473.386206,46,17218.89161
-294.658033,16,17227.53207
-513.245747,55,17238.06896
-323.930986,33,17247.62383
-373.098119,39,17257.26716
-167.076004,13,17266.17234
-286.472867,17,17275.43303
-446.2403,35,17284.93435
-572.930731,38,17295.23372
-175.410249,11,17304.77904
-200.618466,43,17428.30064
-264.082358,19,17436.80697
-345.207458,39,17447.22246
-497.002702,33,17457.13438
-330.873733,25,17466.73389
-399.235748,23,17476.80887
-428.919002,38,17487.45932
-439.686104,40,17497.35555
-300.099016,15,17506.84396
-305.99114,14,17516.19284
-461.673714,34,17525.63958
-219.337148,19,17534.4571
-877.444525,102,17547.68297
-531.675356,40,17557.59917
-192.283573,14,17566.59169
-300.140443,40,17576.90165
-405.641052,30,17586.79998
-374.297438,20,17596.72162
-328.699324,17,17605.85582
-337.156097,33,17616.02102
-262.124705,19,17625.02932
-219.618349,16,17634.62756
-284.943292,19,17643.12645
-389.717084,39,17652.98526
-354.739125,43,17663.03579
-326.083861,14,17672.06876
-252.700905,39,17681.67806
-347.892109,23,17690.5208
-252.845657,28,17699.85889
-309.930848,19,17710.00717
-284.265417,17,17718.30197
-367.99602,27,17727.59087
-307.053605,22,17736.50335
-217.193421,14,17746.2404
-234.981253,25,17755.61685
-319.117687,19,17764.7715
-306.12895,21,17774.68281
-252.480095,15,17784.06691
-200.706402,13,17793.37036
-326.450586,17,17803.2201
-457.411268,43,17812.76788
-160.334836,12,17820.80594
-268.070438,15,17830.10385
-393.189393,28,17839.09855
-294.185368,22,17849.12178
-298.334103,15,17858.94545
-271.731797,26,17868.54694
-359.05397,48,17879.33975
-94.038178,15,17888.72463
-395.966894,27,18003.46757
-455.921269,35,18013.20229
-175.328303,13,18022.55159
-198.084619,15,18032.09127
-311.491146,17,18042.17988
-459.80565,28,18051.87161
-531.993043,35,18061.77509
-420.885948,65,18073.4461
-240.250549,14,18081.89263
-375.975332,25,18091.27726
-406.220954,26,18100.50744
-308.459711,28,18109.35979
-348.507601,28,18118.66452
-443.992789,37,18129.08414
-422.942082,58,18139.77628
-181.373039,15,18148.62637
-375.561151,26,18157.42068
-360.658214,30,18167.57001
-306.698075,17,18177.37492
-389.263338,44,18187.47493
-213.25445,18,18196.30048
-211.118496,14,18205.74582
-377.42374,27,18215.34433
-375.293334,28,18225.30292
-526.726986,46,18235.81081
-368.460469,27,18244.66344
-199.737547,13,18253.69528
-572.42923,30,18263.2491
-352.817766,25,18273.03701
-256.050376,36,18283.73645
-520.673326,48,18294.15793
-167.137439,11,18303.26998
-366.874556,43,18313.38219
-440.426017,43,18322.93479
-152.850026,11,18331.83442
-367.120243,23,18341.857
-387.818967,25,18351.25985
-482.518047,36,18361.28238
-219.63899,12,18371.23727
-219.954772,16,18379.9903
-339.713417,28,18390.10344
-192.87329,14,18400.01516
-363.526377,25,18409.31245
-222.032572,14,18418.52249
-293.198988,17,18427.91928
-335.638872,36,18437.77405
-260.817517,19,18446.42596
-260.040276,14,18455.82097
-344.746882,24,18568.87208
-326.130874,23,18578.37066
-300.976865,17,18587.52277
-384.094529,39,18597.32981
-3255.135729,286,18621.09717
-204.335809,15,18630.36801
-555.857072,44,18640.81471
-163.912361,13,18649.51407
-336.524066,35,18659.47616
-424.135893,46,18670.20183
-475.879408,37,18679.74071
-204.253869,14,18688.82807
-218.856944,17,18697.43056
-337.820483,38,18708.64891
-463.498038,33,18719.54156
-405.51155,30,18729.59949
-503.800119,38,18739.44922
-526.452507,82,18751.58474
-392.713618,24,18761.28157
-358.676165,26,18770.59348
-404.983977,33,18780.32667
-184.615722,19,18789.66717
-339.064626,21,18798.71595
-293.286697,18,18807.77281
-297.285786,16,18816.31939
-14.822766,7,18825.71049
-350.153264,21,18834.98091
-374.692405,40,18844.77107
-295.941234,14,18854.3946
-389.700987,42,18864.52857
-462.086896,36,18874.27508
-214.841052,15,18884.16242
-614.217942,74,18895.64275
-457.853807,29,18905.29071
-323.969971,15,18914.34521
-166.613806,13,19039.57045
-476.261196,45,19049.95211
-257.04565,23,19060.00769
-222.043893,16,19068.51683
-196.955297,12,19077.44355
-230.588964,15,19086.84496
-259.38285,14,19095.60828
-172.697998,13,19104.9244
-109.890423,25,19113.6623
-262.950477,21,19122.61068
-229.611807,19,19131.35863
-303.963429,25,19141.44115
-339.045466,17,19150.34995
-536.116355,29,19159.74472
-320.905257,20,19169.28148
-439.036411,36,19178.738
-309.726336,15,19187.90092
-75.191703,15,19196.74522
-357.511463,22,19206.29027
-470.909971,32,19216.2211
-603.636059,30,19226.35552
-263.278246,17,19234.71811
-293.782225,43,19245.77914
-214.512831,14,19255.64369
-255.993267,15,19265.0542
-308.974891,21,19275.07558
-297.270931,15,19283.76992
-257.925695,17,19292.99858
-222.81112,14,19302.91866
-385.044816,34,19312.71618
-293.129956,17,19322.66438
-365.30575,36,19333.2431
-303.031679,46,19343.03844
-331.99046,35,19353.07369
-152.017002,12,19361.92306
-188.689368,13,19371.01879
-454.613842,43,19381.6342
-169.253189,14,19390.58887
-321.466633,19,19399.79767
-249.951144,19,19409.73891
-364.050931,38,19419.37032
-223.994602,16,19428.37842
-229.876275,37,19438.28
-169.772893,13,19447.17699
-452.179384,34,19457.42195
-231.776319,21,19467.43087
-334.228999,20,19476.92939
-202.551055,15,19486.94763
-305.117176,40,19496.94337
-298.012463,46,19507.49611
-218.050399,18,19516.99112
-158.162179,11,19525.77609
-259.371309,16,19535.16915
-179.864727,17,19543.97376
-346.020494,16,19553.31983
-278.604977,44,19666.90191
-242.305705,17,19675.61162
-284.410758,17,19684.66264
-223.900336,12,19693.75135
-293.53155,16,19702.54341
-531.143015,41,19713.59435
-231.899637,15,19723.32294
-299.099835,17,19731.7702
-261.286558,19,19741.7059
-304.955278,24,19751.64352
-239.15411,15,19761.05554
-191.941104,13,19769.93964
-113.224377,15,19779.45826
-274.794091,19,19789.07746
-444.199492,42,19799.95704
-196.387686,14,19808.25855
-303.076875,25,19818.24383
-557.700268,35,19828.29221
-291.951305,14,19836.88399
-359.891455,26,19846.26746
-212.65693,15,19856.16699
-299.835645,16,19865.47246
-181.50183,11,19874.19535
-206.755362,15,19882.43881
-313.878271,21,19891.68032
-378.917765,32,19901.99943
-171.103309,13,19911.05338
-262.130413,20,19920.31305
-419.409086,55,19931.24129
-244.398766,17,19939.58402
-229.134073,14,19949.21229
-178.620839,15,19958.46482
-292.748488,14,19966.94318
-250.264703,16,19976.8088
-183.172978,15,19985.25808
-311.125517,18,19995.27572
-92.509771,15,20004.87949
-191.389128,13,20013.77808
-241.934714,14,20022.49882
-335.626602,38,20032.14866
-196.048598,12,20041.58922
-464.875214,26,20051.13407
-521.777102,33,20061.23892
-398.450957,27,20071.52033
-319.203492,36,20081.73476
-166.799008,13,20089.88557
-457.873357,34,20099.82015
-231.495275,21,20108.45919
-510.586094,39,20118.95542
-171.868516,14,20127.60805
-537.774563,42,20138.40585
-338.554041,24,20148.14774
-303.04402,21,20158.22498
-323.149685,21,20167.17284
-324.646389,18,20176.34114
-395.404742,41,20187.16347
-342.390321,21,20196.159
-198.856591,15,20204.8191
-306.122772,16,20213.27781
-350.961629,19,20324.9531
-317.210866,19,20335.14554
-531.834476,37,20345.25049
-291.130293,18,20354.2927
-365.035067,49,20364.19312
-268.181323,18,20373.66976
-224.609337,13,20383.24667
-323.145582,18,20392.6928
-261.477302,38,20402.55791
-218.017772,14,20411.75434
-409.151501,39,20421.80211
-448.994091,32,20431.81702
-196.071587,11,20440.73257
-282.089502,16,20449.77773
-179.289253,12,20458.28722
-356.893097,28,20468.03819
-209.5918,14,20477.77222
-314.889957,23,20487.93435
-353.108501,22,20497.22719
-186.926015,11,20506.04001
-366.87853,48,20516.71461
-200.557126,13,20525.07092
-388.089325,24,20534.47533
-153.63533,14,20542.61938
-192.191736,13,20551.47248
-524.376222,57,20562.34337
-217.828657,19,20570.85487
-220.501725,12,20580.08285
-285.605721,19,20589.12469
-132.820824,21,20598.17566
-279.557192,41,20609.04409
-256.460394,16,20618.49282
-258.934125,25,20627.60931
-689.616815,34,20638.12415
-203.948929,16,20646.53199
-356.057378,24,20656.52582
-306.403485,17,20666.32461
-335.283997,45,20675.97149
-347.487537,27,20685.1555
-287.089857,15,20694.11262
-331.672548,17,20703.15639
-314.315151,33,20712.8287
-446.448089,35,20722.38488
-301.862949,40,20732.96483
-325.693169,36,20742.89299
-298.663122,15,20751.74736
-307.627522,17,20760.8847
-250.588879,14,20770.79419
-344.012851,17,20779.79339
-230.474357,13,20789.35027
-181.00396,15,20797.94847
-331.098128,14,20806.98508
-291.904471,21,20816.55708
-224.629229,16,20825.95236
-289.211067,13,20835.18814
-215.558097,15,20843.83568
-271.050838,13,20959.08248
-207.373102,12,20968.03932
-163.202658,13,20976.89025
-289.59474,18,20985.48503
-435.612893,46,20996.05264
-302.558616,36,21005.35136
-185.242572,11,21014.28254
-617.43477,47,21025.26017
-341.852701,23,21034.76314
-174.214248,46,21045.20429
-368.035757,38,21055.28093
-322.746028,17,21064.8292
-274.721551,16,21074.24755
-247.212442,17,21083.69946
-337.348702,48,21094.52397
-224.190132,15,21103.44767
-241.246461,19,21112.89211
-234.69631,20,21121.87962
-390.059905,37,21132.01715
-217.157806,17,21141.28146
-599.980845,31,21151.8969
-457.961917,34,21161.87339
-164.111353,10,21170.42005
-498.442195,35,21181.17989
-253.497781,16,21190.70362
-209.377633,15,21199.30513
-536.561843,59,21210.29831
-410.42533,36,21220.41613
-216.756271,17,21228.97465
-259.989161,13,21237.93526
-540.974815,37,21247.69018
-210.606805,16,21256.59569
-180.635753,13,21265.57036
-180.343976,15,21274.43058
-577.825675,37,21285.00697
-551.218444,37,21294.6677
-456.317917,39,21304.70962
-231.361331,15,21314.36409
-282.773405,16,21323.76025
-174.818949,11,21332.91261
-522.284199,31,21342.84126
-6870.070444,469,21489.50459
-175.202842,14,21497.71001
-351.029302,28,21507.72898
-467.744773,47,21517.98279
-428.848305,37,21528.60609
-458.992695,36,21538.67958
-182.41657,13,21547.62059
-333.054325,17,21557.18239
-408.505287,33,21567.07893
-510.617219,35,21577.53351
-498.977181,35,21588.05367
-214.21755,17,21597.30999
-386.908396,28,21606.41894
-265.226789,14,21615.5336
-434.593561,37,21625.96773
-183.530868,12,21634.82039
-329.860114,19,21644.88212
-468.769477,37,21655.39204
-309.933217,17,21664.82144
-158.666877,12,21673.81402
-186.938386,11,21682.82165
-486.234769,37,21692.79411
-214.202279,18,21702.44759
-594.054637,47,21712.70285
-137.552258,12,21721.22827
-212.794294,15,21731.10692
-293.195033,16,21740.06147
-182.555832,13,21748.92228
-269.525242,25,21758.42929
-639.538757,35,21768.95695
-154.794959,15,21777.59348
-2391.026516,211,21796.54706
-182.599547,21,21806.00429
-333.662265,27,21814.80592
-372.239992,48,21825.8279
-368.095681,34,21956.56503
-395.513979,50,21966.81926
-375.917965,33,21976.257
-216.036166,20,21986.10289
-294.900366,19,21994.80542
-344.106452,22,22004.83473
-466.022083,34,22014.70908
-278.65629,13,22023.22387
-489.561258,33,22033.13109
-527.450831,39,22043.53518
-316.193438,15,22052.70539
-275.598712,13,22061.60307
-283.512162,21,22070.10887
-143.117504,12,22078.77696
-446.856264,33,22088.61615
-302.359005,78,22100.41072
-503.226674,64,22111.92359
-490.676876,45,22122.07523
-180.138946,37,22132.17644
-297.597962,37,22142.22751
-284.871827,51,22152.77956
-334.7081,24,22162.28321
-447.518645,37,22172.21023
-219.131128,13,22181.11116
-284.548582,37,22190.96018
-284.467532,36,22200.89672
-306.856733,37,22210.47777
-278.074292,15,22218.87068
-250.125304,17,22227.71213
-452.109825,35,22237.01103
-215.492638,21,22246.49222
-321.996251,23,22256.5663
-328.939573,23,22265.42654
-360.300074,40,22275.70539
-229.145086,18,22284.35258
-209.113201,19,22293.82962
-527.053863,42,22303.96297
-484.081367,38,22313.81271
-396.183306,39,22324.65596
-230.36051,18,22333.98479
-468.176826,32,22344.04824
-281.604746,55,22461.7737
-381.061462,28,22471.35227
-412.143579,34,22481.07007
-280.086765,37,22490.31819
-194.592014,16,22499.93805
-648.279781,44,22510.58446
-160.112021,13,22519.82115
-317.293783,19,22529.18829
-427.227856,39,22539.34495
-181.136205,11,22548.36347
-222.369939,41,22559.49166
-289.391471,16,22568.89157
-253.794605,35,22578.32721
-156.570929,10,22587.80124
-213.247475,15,22597.20393
-254.00459,16,22606.50459
-319.153582,22,22616.10605
-171.423596,13,22625.19874
-291.341063,37,22635.22168
-368.386315,89,22647.93862
-300.233545,36,22658.38693
-415.59707,32,22668.97402
-362.645355,27,22678.58228
-34.950589,9,22687.67865
-153.34021,11,22696.13861
-263.57792,14,22706.00212
-184.503583,15,22714.29989
-319.989347,31,22724.51989
-206.550819,34,22733.67893
-304.030608,18,22743.6113
-435.90669,25,22753.61092
-552.069863,39,22763.66446
-296.939622,18,22772.49065
-343.791839,38,22782.72681
-289.66959,20,22792.07545
-354.961708,24,22801.47364
-289.369319,17,22809.87914
-252.039056,13,22819.26112
-199.797191,16,22828.83162
-444.183765,38,22838.38605
-199.461296,13,22847.6542
-266.960292,31,22857.67719
-252.549829,37,22867.23796
-240.471512,62,22878.0655
-355.979685,48,22888.54202
-4701.897357,342,23035.1313
-139.757161,16,23043.69581
-226.197622,12,23052.45708
-364.654796,42,23062.07221
-212.91251,16,23071.53926
-435.671887,42,23081.95066
-462.257259,39,23092.06016
-232.177398,24,23101.28986
-272.233466,14,23111.22112
-175.712991,14,23119.57637
-142.884002,12,23128.24691
-479.800941,47,23138.75281
-232.810973,39,23148.66254
-186.634938,15,23157.28666
-463.111749,52,23167.79254
-638.579604,32,23178.42947
-533.659759,41,23189.00724
-350.163633,20,23197.7608
-168.136157,12,23207.44536
-299.892602,21,23216.90043
-308.487678,20,23225.8622
-171.959986,14,23235.44423
-237.26378,16,23244.83955
-480.849025,43,23255.20036
-517.761183,31,23265.79554
-246.925959,17,23274.65615
-451.368665,57,23285.62882
-358.856343,38,23295.59063
-162.271196,14,23303.68953
-392.986953,33,23313.34
-378.057495,34,23323.6288
-166.353842,14,23331.85077
-181.063251,11,23341.11858
-322.769716,23,23349.97387
-340.569791,19,23359.04134
-448.362776,41,23369.57894
-189.12653,13,23377.82352
-176.333714,12,23387.3097
-216.849305,14,23396.68418
-179.201905,16,23521.39919
-161.659139,11,23530.39892
-180.895837,11,23538.9536
-207.32754,16,23548.25288
-358.032182,62,23559.20469
-241.740593,16,23569.1084
-164.997231,11,23577.86117
-245.354605,13,23587.21441
-322.97777,16,23597.1397
-344.027459,21,23607.16
-212.83512,37,23616.98129
-431.169781,40,23627.6822
-195.006373,11,23637.44981
-366.167183,36,23646.9077
-467.980121,41,23657.36378
-454.646219,35,23667.26295
-176.289638,13,23675.81308
-367.575633,23,23685.98072
-334.389915,23,23695.13095
-379.811641,36,23704.78414
-182.224768,13,23714.22146
-338.403624,19,23723.46767
-150.454926,16,23732.66293
-344.900771,32,23742.35966
-328.400292,16,23750.96996
-153.293526,12,23759.74001
-363.790101,22,23768.59565
-321.299861,66,23779.9403
-174.421616,11,23788.49738
-212.970833,14,23797.90617
-542.732727,40,23808.866
-196.327971,14,23817.60989
-417.730981,36,23827.50805
-458.907624,39,23838.03074
-320.855042,39,23848.21333
-236.799571,13,23857.56275
-175.746884,13,23866.78834
-141.710644,16,23876.40751
-394.043871,35,23886.62238
-342.271461,23,23896.39299
-358.471035,34,23905.76014
-208.625353,14,23915.19903
-314.942977,40,23925.72702
-590.923483,33,23935.58219
-255.525938,17,23944.33963
-504.890534,35,23954.96386
-490.506539,33,23964.47015
-319.917274,15,23974.2622
-380.691737,37,23985.15935
-534.197984,31,23995.31118
-286.487598,14,24004.72825
-215.619594,19,24125.45944
-239.888059,18,24134.52017
-212.75157,16,24143.66724
-399.280239,24,24153.32704
-496.050022,48,24163.90713
-401.360595,53,24173.96064
-303.176101,51,24184.39727
-197.896368,12,24193.30526
-349.644749,36,24203.55167
-290.619535,19,24213.2801
-183.565649,13,24222.73967
-170.18308,11,24230.99512
-327.652175,40,24240.89248
-431.431158,36,24250.74578
-230.884173,12,24259.64598
-195.570689,12,24269.13846
-248.707128,16,24277.49266
-169.234271,13,24287.20528
-387.333295,33,24297.26717
-189.41231,13,24306.16862
-148.626554,11,24315.45213
-376.730174,30,24325.25282
-187.356297,14,24334.87942
-300.622195,15,24344.79052
-284.731157,14,24353.8023
-491.742146,36,24364.47744
-181.118043,15,24373.6657
-497.632811,32,24383.59068
-234.417242,19,24393.48029
-271.115842,54,24404.13784
-493.053534,37,24414.64936
-240.51438,14,24424.3492
-193.498253,12,24433.67311
-319.558123,17,24443.17664
-267.07986,17,24453.04294
-505.742172,32,24463.35547
-200.108836,14,24472.20498
-80.35688,12,24481.66133
-315.63319,21,24491.84013
-198.367087,12,24501.14495
-503.154832,42,24512.20707
-260.053935,22,24521.91563
-360.766515,34,24531.57382
-216.032787,13,24540.47332
-266.021336,37,24549.82031
-358.314797,47,24560.52092
-171.53664,13,24569.27248
-306.777548,21,24578.77681
-272.328814,18,24587.88812
-289.340252,17,24597.9301
-483.610386,41,24608.08291
-188.616192,16,24617.42151
-458.364363,62,24740.94661
-376.382533,36,24750.32317
-271.072151,19,24758.72556
-658.958684,34,24769.19623
-312.580493,30,24779.13339
-216.66291,16,24787.43129
-453.328708,34,24797.16688
-285.752545,36,24807.03452
-268.10859,36,24816.33995
-217.2696,15,24826.31082
-275.944853,17,24835.82794
-106.306786,19,24844.73857
-299.191045,17,24853.90101
-623.329966,38,24864.36103
-145.846356,11,24873.37978
-204.93251,13,24882.71406
-292.456315,18,24892.11508
-181.347153,10,24900.6582
-455.250489,39,24911.00982
-223.593345,14,24919.46348
-178.261014,11,24928.99761
-427.01832,40,24938.90904
-540.848779,34,24949.11046
-561.539395,40,24959.92911
-241.125899,20,24968.53267
-350.254304,42,24978.49449
-142.878446,11,24987.26854
-448.336321,32,24997.374
-370.512413,34,25008.08069
-232.174666,15,25016.48236
-226.319449,17,25026.32376
-445.841736,40,25037.18214
-199.356275,15,25047.04324
-177.341672,13,25055.10891
-388.17299,32,25064.87021
-637.665847,33,25074.87828
-439.773732,38,25085.29996
-388.518885,39,25095.6499
-418.508544,37,25105.06064
-425.128629,30,25115.39545
-163.002583,12,25124.18316
-185.340604,13,25132.97975
-391.790286,40,25142.85739
-183.220862,17,25151.16003
-220.820843,42,25160.81652
-173.888078,16,25170.43419
-292.328469,15,25178.93559
-181.244144,12,25188.62945
-393.056956,40,25198.59454
-283.965701,16,25208.00106
-197.174492,14,25217.87197
-226.925398,19,25332.83831
-337.378033,17,25341.23783
-417.035828,40,25351.66947
-292.207843,18,25361.11513
-430.67229,35,25371.12549
-184.503457,16,25379.94782
-235.271393,36,25389.25129
-182.030058,11,25398.36
-333.644664,21,25408.22801
-405.059537,38,25418.18593
-371.04174,48,25428.68678
-207.099504,12,25438.28385
-202.367633,16,25447.13865
-420.712608,38,25458.03983
-262.786386,37,25468.31878
-324.12149,18,25477.42431
-256.668249,25,25487.30652
-515.209869,39,25497.92668
-402.677697,43,25507.80976
-494.630336,62,25519.36317
-641.848879,34,25530.09428
-194.578724,47,25540.25968
-519.258905,42,25550.59211
-332.984338,42,25560.77294
-349.617588,39,25570.57475
-324.404904,36,25580.41149
-183.029633,13,25589.2209
-362.647381,22,25598.72397
-319.284908,25,25608.7412
-2102.689027,194,25626.64532
-155.134959,14,25635.61842
-328.861273,39,25645.32494
-417.488654,40,25655.80433
-199.913032,14,25665.14125
-368.425065,26,25673.94446
-246.724511,20,25683.24454
-466.4242,33,25693.72661
-343.348414,44,25815.11061
-458.017813,49,25825.37755
-258.807664,15,25834.45532
-200.611654,36,25844.53193
-214.176877,15,25852.74494
-287.105607,36,25862.75043
-178.772132,29,25871.65447
-281.95924,24,25880.96382
-318.024731,41,25891.02362
-195.696486,43,25900.67841
-182.736223,13,25909.65583
-318.63781,38,25920.19196
-339.758175,18,25929.70076
-330.879462,46,25939.99797
-311.781329,38,25949.7969
-155.029831,13,25958.70153
-314.148844,18,25968.44056
-232.822286,42,25978.81026
-316.370721,16,25987.87132
-303.827156,17,25997.35184
-138.857985,16,26005.75009
-155.127546,13,26014.60618
-444.666086,39,26025.03239
-419.169984,34,26034.74039
-188.90226,16,26043.71818
-336.722631,19,26053.85404
-464.918823,37,26063.7249
-187.22525,12,26073.34969
-466.000095,33,26083.96324
-406.373308,43,26094.0192
-406.211818,49,26104.55881
-68.647558,11,26113.66964
-321.408629,34,26123.32487
-204.927052,18,26132.39627
-189.505634,14,26140.70008
-195.399165,14,26149.88991
-356.001247,40,26160.6338
-314.375429,15,26169.39395
-364.229775,56,26180.09921
-407.651531,46,26190.40994
-253.928091,14,26199.81359
-407.991394,33,26210.01031
-360.227603,45,26220.47894
-177.103729,13,26228.77558
-277.485271,34,26238.67234
-172.757961,35,26357.67035
-333.346225,18,26366.18041
-421.290405,39,26376.23524
-151.801556,13,26384.95025
-315.697235,22,26394.16255
-537.577001,32,26404.66083
-191.484317,13,26413.41562
-228.125708,19,26422.46989
-210.079251,18,26431.35304
-166.108132,11,26439.55858
-398.876187,32,26449.53
-224.20708,17,26459.22061
-173.542573,14,26467.57005
-195.119137,18,26477.0405
-265.02902,18,26485.89649
-310.292133,16,26495.86017
-422.272197,35,26506.69129
-380.694256,57,26517.68677
-284.600457,15,26526.33997
-275.480238,46,26536.66721
-175.280248,14,26545.66274
-193.346665,18,26554.85761
-181.410665,13,26564.59456
-243.495264,19,26574.05834
-343.59601,33,26584.76053
-269.778922,42,26594.74385
-186.161372,14,26603.10531
-301.03814,19,26613.09116
-450.577423,45,26623.82891
-324.620035,26,26633.37861
-284.108645,17,26642.94097
-286.078174,39,26652.89294
-176.208083,11,26662.10507
-327.636581,38,26672.70299
-327.595834,35,26682.88178
-456.068766,37,26693.13323
-152.436502,11,26701.73673
-377.404309,37,26711.35244
-170.479586,11,26720.76561
-341.614343,35,26731.25763
-561.63262,33,26740.85848
-358.003902,41,26751.37245
-591.669003,33,26761.55617
-301.521275,14,26770.72255
-242.833028,18,26780.7222
-185.667165,18,26789.51704
-517.371147,34,26799.57761
-180.77913,12,26808.50636
-216.232922,27,26817.88984
-434.516647,48,26828.44666
-339.128286,38,26943.85097
-432.918505,39,26954.64239
-269.986918,16,26963.00599
-208.973616,15,26972.35769
-326.758072,19,26981.06971
-147.499678,14,26990.61197
-429.86859,41,27001.28662
-316.203083,37,27011.24032
-198.815081,13,27020.86073
-145.483929,11,27029.24277
-191.734932,15,27038.49951
-342.272081,28,27048.70371
-335.349116,38,27059.17673
-169.0728,13,27068.42243
-178.713337,10,27077.449
-278.112345,65,27088.69358
-435.826732,37,27098.75015
-309.378987,39,27108.83817
-377.66769,41,27119.7691
-370.611415,35,27129.71803
-283.469267,17,27138.97504
-45.056883,8,27147.18952
-174.213942,11,27156.96037
-401.358829,39,27167.72562
-198.890576,49,27178.24031
-561.127712,49,27188.13594
-296.768038,14,27198.0265
-511.13224,37,27208.59135
-306.435702,40,27218.99666
-459.397924,42,27230.07004
-156.133596,11,27238.63397
-199.294336,16,27247.03
-335.617799,16,27256.78463
-180.24088,14,27265.54306
-303.764291,41,27276.49567
-448.341728,37,27287.27651
-221.757491,15,27296.68661
-503.426642,34,27306.38848
-177.361516,11,27316.15468
-236.134275,17,27324.54591
-443.1983,53,27335.25144
-520.583525,45,27346.02612
-508.839906,36,27356.03038
-240.639751,18,27365.83468
-219.904588,15,27374.60379
-469.295737,35,27384.80444
-350.561141,25,27503.47754
-180.322173,12,27512.48855
-229.168026,28,27522.34047
-97.906923,14,27530.94297
-257.041568,33,27540.40482
-590.278736,51,27550.56575
-334.573777,35,27560.95377
-354.594035,35,27571.18356
-570.624178,35,27580.8021
-212.450908,12,27589.88545
-174.90434,12,27599.12119
-522.120498,35,27608.93262
-142.485948,12,27617.49596
-189.48535,11,27625.86565
-32.29132,8,27634.87853
-252.129183,33,27644.65937
-193.702629,11,27653.12184
-219.153414,15,27662.21158
-180.67305,13,27671.36392
-179.001535,14,27680.69405
-449.888265,33,27691.46706
-243.117041,35,27700.86903
-304.719081,34,27711.3451
-26.200459,6,27720.47231
-295.880111,48,27730.63232
-314.324045,15,27740.10068
-310.057159,17,27750.10415
-334.58306,20,27759.51311
-187.66899,13,27769.28511
-243.356526,20,27778.24231
-276.16184,35,27788.34763
-414.095774,34,27798.62915
-334.039258,17,27808.25489
-249.839934,15,27817.677
-286.027671,32,27827.40991
-262.251909,37,27836.80694
-624.781064,46,27847.90136
-273.824498,43,27857.96231
-282.653016,33,27867.11293
-377.557572,41,27876.68309
-369.51412,28,27886.2156
-80.512891,11,27894.51522
-209.477781,12,27903.30727
-187.984491,11,27912.427
-208.720675,15,27920.90555
-200.942124,19,27929.95907
-257.72733,20,27938.73924
-352.255742,50,27949.21847
-172.691863,11,27958.78992
-389.358383,33,27968.04097
-395.335155,48,27978.85921
-168.760922,12,28083.65815
-414.582518,39,28094.25751
-470.351824,35,28104.26775
-221.015779,20,28113.26168
-387.804925,39,28123.56607
-199.938772,38,28132.97614
-266.735683,15,28142.83779
-181.132614,13,28151.63851
-413.602722,43,28162.49736
-287.13022,27,28172.201
-142.89148,42,28182.65175
-157.2807,12,28190.7506
-438.693876,49,28202.04269
-361.38536,45,28211.75473
-149.449312,14,28220.4919
-185.786545,15,28229.18664
-358.754491,33,28238.94346
-205.410002,12,28248.25746
-300.139042,38,28259.13094
-272.888941,15,28267.83973
-198.063489,13,28277.6614
-297.353413,48,28287.58319
-383.722278,32,28297.0453
-365.935098,39,28306.87859
-139.692245,12,28315.07773
-326.109132,36,28325.04301
-158.759673,12,28334.4314
-183.451528,17,28343.58838
-272.679262,15,28353.40147
-171.126542,13,28362.05408
-181.445523,15,28371.74361
-275.423853,16,28381.70011
-177.827849,13,28390.8049
-213.474841,14,28399.78088
-277.7657,16,28409.67291
-443.365666,72,28420.7317
-494.397308,37,28430.71619
-281.4359,56,28441.59352
-514.322302,59,28452.19538
-335.566465,36,28462.49838
-256.207483,14,28471.14231
-293.504759,16,28480.5925
-408.350618,62,28491.54228
-301.054643,46,28502.57042
-325.962478,34,28627.97747
-384.540236,51,28638.28309
-506.902568,57,28649.7119
-192.778418,15,28659.08433
-31.050179,6,28667.63399
-263.114291,37,28677.73532
-258.706307,16,28687.16155
-288.911612,17,28696.93312
-453.549402,38,28707.44953
-405.660352,63,28718.22908
-484.346879,33,28728.83459
-166.166191,11,28737.90934
-357.11616,34,28747.55566
-214.679039,14,28757.08484
-168.486365,14,28765.74503
-269.453646,36,28776.1339
-232.698374,25,28785.76875
-279.328952,22,28795.38414
-408.772662,33,28806.26164
-260.95583,36,28817.03214
-334.747609,41,28827.68482
-426.411517,34,28837.48239
-385.212207,34,28848.2262
-347.395831,37,28857.88847
-204.956198,13,28866.98753
-208.258054,18,28876.37509
-3233.161902,238,28896.8676
-185.38654,12,28905.7649
-54.377033,13,28914.00912
-264.495886,22,28924.0255
-183.74701,12,28932.44052
-427.748357,36,28942.63653
-237.530923,38,28952.73987
-251.385888,56,28963.04428
-172.091483,12,28972.28094
-312.798407,59,28983.62582
-319.796806,36,29132.4187
-230.944766,16,29141.13141
-209.499854,16,29151.04716
-248.084907,49,29161.68159
-302.370571,33,29170.93496
-65.751176,14,29179.7
-228.517985,12,29188.00666
-529.837273,35,29198.49318
-221.42502,13,29208.11182
-313.83984,37,29217.85894
-158.080259,12,29226.57095
-206.628096,12,29235.70878
-296.039426,81,29247.80905
-333.205352,47,29257.98573
-202.126325,15,29267.66009
-494.730677,37,29277.51151
-169.783064,38,29287.17747
-404.588963,38,29297.07322
-124.409843,21,29306.57189
-456.012502,33,29317.40027
-178.18604,13,29327.31126
-174.997745,12,29335.91323
-183.185413,12,29344.83815
-130.322935,17,29353.27411
-147.113598,11,29361.93315
-175.303646,12,29370.61537
-306.505891,14,29379.81584
-189.050537,16,29388.45646
-183.805872,13,29397.7289
-200.836956,12,29406.37645
-359.92818,33,29416.60021
-156.832169,11,29425.80348
-404.082945,34,29436.76216
-375.157652,37,29447.44826
-269.711062,21,29456.99914
-324.890233,19,29467.17034
-445.906349,38,29477.88872
-179.559085,53,29488.2648
-362.754588,40,29499.2062
-303.10214,44,29509.73416
-195.026023,30,29520.14963
-194.706749,44,29529.95052
-60.63045,10,29539.59265
-150.542956,13,29547.84897
-189.87013,19,29557.35478
-176.778663,17,29566.52554
-416.755671,34,29576.92724
-296.763816,17,29586.77327
-98.284953,15,29595.54075
-357.813768,36,29605.29655
-180.656121,12,29614.99559
-215.668038,13,29738.48299
-372.019597,38,29748.927
-175.199793,11,29757.73107
-197.590022,12,29766.34809
-239.433221,42,29776.69671
-234.235964,21,29785.25521
-167.539978,13,29794.35333
-158.557523,13,29803.11023
-337.011937,33,29812.51425
-310.287814,16,29822.0609
-171.956379,14,29830.2135
-406.188715,52,29841.079
-250.241549,42,29851.1181
-209.424174,12,29859.5234
-227.161797,36,29869.20092
-202.532244,14,29877.61363
-309.79154,41,29887.45485
-218.582242,13,29897.37972
-296.838845,33,29907.18998
-176.702807,14,29916.42188
-489.21262,40,29926.42373
-183.51913,12,29934.89239
-208.796199,13,29944.40603
-191.855518,19,29953.11335
-164.872798,13,29961.33493
-180.276433,11,29970.22961
-196.060427,32,29979.88038
-346.954411,22,29989.86508
-303.388642,25,30000.13852
-440.137884,39,30010.50623
-195.108836,12,30019.20361
-220.07448,14,30028.21118
-95.039442,14,30036.76316
-207.23633,15,30045.63941
-285.785101,53,30056.26002
-234.003552,14,30065.48723
-195.593199,15,30075.43176
-194.919346,12,30084.14879
-246.018763,39,30094.98486
-162.805416,11,30103.28803
-195.959191,12,30112.18619
-272.248506,14,30121.53552
-351.032564,43,30131.9505
-358.840186,34,30141.90824
-191.373353,14,30151.28669
-260.85448,24,30161.19051
-440.630559,43,30171.32224
-314.403264,52,30182.61747
-298.979145,46,30192.77992
-144.360105,18,30202.68848
-224.041887,39,30212.5263
-354.136287,38,30222.83811
-28.458588,6,30232.03521
-174.303532,34,30351.82863
-216.145085,16,30361.8638
-221.08092,14,30370.81634
-273.793235,16,30379.53365
-247.30101,46,30390.24519
-178.667194,13,30398.95613
-339.606802,41,30409.16745
-163.751745,37,30418.6231
-278.736634,40,30429.27127
-358.878314,36,30439.5471
-273.370731,16,30449.52181
-325.465315,40,30459.23582
-238.151843,24,30469.17107
-307.478985,50,30480.43235
-299.927944,40,30490.24676
-142.450547,12,30498.7787
-275.200511,36,30509.34098
-318.612724,43,30519.41985
-514.588766,47,30530.7737
-454.672165,36,30541.62417
-209.732204,12,30550.24621
-2665.42285,191,30567.63996
-382.980609,35,30578.02534
-295.782554,23,30587.99049
-156.327371,11,30596.30401
-189.200346,37,30606.68587
-239.862966,34,30616.82613
-201.375111,12,30625.75887
-347.265008,29,30636.12316
-342.845581,33,30646.21829
-413.957771,38,30656.53144
-212.042393,13,30666.0268
-188.549433,14,30675.07877
-260.636083,23,30684.63644
-176.043154,13,30693.82146
-214.12841,18,30702.12538
-90.210982,12,30711.15218
-185.006587,11,30720.44341
-182.473724,13,30729.26419
-288.237903,19,30738.03266
-168.203348,37,30747.27875
-346.68958,35,30869.2861
-322.519285,42,30879.99188
-377.980979,34,30890.73454
-297.283559,43,30901.63727
-295.911137,18,30911.0473
-238.066626,33,30920.72681
-33.276037,6,30928.83188
-182.203412,13,30938.6987
-125.909629,19,30947.82664
-183.46711,13,30955.92795
-210.195459,14,30965.52794
-198.291924,12,30974.93226
-187.128811,14,30983.44194
-71.754256,13,30992.9631
-78.523004,11,31001.32957
-274.012711,26,31011.48601
-186.120177,20,31020.6534
-68.079637,13,31029.35479
-182.01591,15,31038.76399
-147.785525,11,31047.73728
-180.820906,11,31056.83439
-340.397651,40,31066.99249
-240.293356,34,31076.91087
-154.830181,24,31087.03591
-331.348652,41,31097.90601
-175.149682,13,31107.10427
-24.484787,6,31115.78848
-206.593384,11,31125.59006
-530.956313,41,31135.85718
-199.923347,13,31145.3028
-312.544095,37,31155.80761
-270.503653,42,31165.68201
-374.74527,35,31175.85346
-327.479888,19,31185.19081
-340.965123,40,31194.91044
-522.717638,60,31206.03266
-101.530521,18,31215.83741
-352.903742,44,31225.593
-256.693824,20,31234.61248
-1986.221759,166,31251.13683
-148.563601,11,31259.31603
-221.454424,41,31269.60113
-46.481671,10,31279.07963
-233.322328,13,31287.38454
-240.327593,54,31298.29883
-238.731079,34,31309.16958
-177.956984,11,31317.72736
-219.84865,33,31449.64565
-181.455792,12,31458.97247
-204.045601,12,31468.02552
-482.22448,36,31478.4229
-201.754548,17,31488.26707
-129.086593,17,31496.6674
-199.568261,16,31505.47643
-200.718115,21,31515.37624
-183.189567,11,31523.93514
-359.900509,43,31534.14301
-322.393388,16,31543.55156
-164.832342,11,31552.69031
-234.279959,21,31562.17806
-466.69899,35,31572.60825
-122.193883,11,31581.11611
-69.853122,14,31589.91473
-305.112001,39,31600.41151
-169.292327,11,31609.20583
-213.686381,15,31618.61421
-195.283189,13,31627.22271
-248.758009,19,31637.11003
-166.160386,11,31645.47121
-279.931449,49,31656.13472
-230.633894,19,31666.18237
-407.662065,48,31676.04667
-346.444947,38,31685.99233
-275.00961,21,31695.48652
-224.463953,37,31705.79625
-172.71126,13,31715.52621
-81.500763,12,31725.3011
-36.540599,6,31733.50978
-726.301369,34,31744.4619
-174.772046,13,31753.58497
-384.560184,38,31763.79545
-219.267963,22,31773.61745
-170.834761,11,31782.88226
-291.055203,19,31792.83995
-181.816651,11,31801.76071
-189.767105,43,31811.91685
-511.706623,34,31822.66
-32.359177,6,31831.80124
-198.792237,13,31840.85841
-160.15186,13,31849.65968
-188.828272,15,31858.97142
-183.359107,14,31867.45005
-173.617718,13,31876.24896
-34.341569,7,31884.71127
-205.80455,27,31894.59536
-178.456027,11,31903.46536
-248.157017,42,31913.68146
-223.306151,13,31923.11803
-154.255263,20,31932.87348
-161.455564,22,31942.6819
-171.748025,13,31952.52213
-204.376324,16,31961.77581
-207.458531,32,31971.82223
-162.197962,12,31980.5338
-207.706325,41,31990.24393
-201.479673,12,31999.52126
-190.651247,39,32120.05927
-210.857351,12,32128.36339
-75.169314,29,32137.90487
-163.667304,12,32146.71125
-87.063988,14,32155.36134
-222.524528,16,32165.00288
-84.748057,14,32174.36753
-329.593876,48,32185.26406
-154.281094,11,32193.8681
-243.459163,39,32204.27288
-273.003895,33,32213.97634
-183.498641,20,32223.36778
-203.266461,13,32232.33319
-218.900841,19,32242.05993
-203.351573,13,32251.42886
-392.218063,48,32262.09104
-513.947118,34,32272.51894
-271.600652,41,32282.73269
-202.218646,14,32291.09691
-137.390458,43,32301.26389
-183.181609,14,32310.97702
-441.544649,86,32322.73983
-67.132003,14,32331.38831
-296.03469,39,32342.16645
-146.437261,18,32350.94511
-195.591672,14,32359.71735
-53.378594,12,32368.18186
-320.975225,35,32378.60764
-511.816661,35,32389.41872
-262.798232,36,32399.33173
-154.645672,12,32407.45035
-207.916008,18,32417.15015
-176.247787,11,32425.9079
-202.6796,53,32436.58969
-179.671779,11,32445.6965
-125.973076,18,32455.15836
-153.417821,16,32464.34324
-166.781276,30,32473.45437
-279.721285,39,32483.85604
-156.204463,13,32492.70341
-296.169522,23,32502.21126
-253.587081,35,32512.24317
-439.445844,51,32523.6677
-190.757365,12,32532.94489
-105.065506,19,32542.69995
-112.842102,17,32552.63846
-112.377789,16,32561.15723
-444.831375,62,32573.28281
-139.029255,28,32583.05905
-382.693758,40,32711.41293
-1963.517674,233,32732.48644
-143.897965,26,32741.28988
-327.733987,36,32751.74896
-64.570558,12,32761.0963
-298.548036,45,32771.48706
-39.584247,8,32780.72875
-182.02376,24,32789.81019
-261.478008,20,32799.71453
-196.026475,13,32808.71108
-147.810858,17,32817.65981
-169.375732,13,32827.67575
-116.177168,16,32836.82315
-307.28403,54,32847.02965
-32.163268,6,32855.60618
-188.908817,30,32865.4342
-414.192712,37,32874.7854
-39.025785,10,32883.39204
-392.943921,34,32893.00823
-196.756812,12,32902.49993
-287.888527,41,32912.74237
-210.049842,37,32922.65274
-282.251998,19,32932.43188
-296.125568,32,32942.66907
-28.349034,6,32951.22199
-240.935655,27,32961.32272
-289.185967,35,32971.84837
-252.28557,46,32982.00924
-117.614481,17,32990.96386
-151.701732,12,32999.12078
-32.34828,6,33007.92908
-233.427228,17,33017.67379
-142.504506,33,33026.84765
-220.184767,25,33036.54698
-374.819137,36,33047.19711
-86.221145,29,33056.20085
-117.965677,20,33065.6009
-384.664369,45,33075.84999
-36.832791,7,33084.25358
-269.247011,40,33094.6549
-149.441947,11,33103.66999
-191.760705,11,33113.19309
-331.423443,20,33122.39701
-87.868164,18,33131.49992
-2992.287421,242,33270.59914
-421.831468,42,33281.22405
-111.894785,17,33290.22883
-179.349293,36,33300.77385
-150.649611,22,33309.77989
-307.601651,44,33320.57154
-131.290202,31,33329.93023
-236.662844,14,33339.55802
-175.125126,15,33348.34065
-162.291613,11,33357.45323
-27.09071,6,33366.35508
-154.076134,11,33374.43083
-177.923671,12,33383.04225
-31.169181,6,33391.69716
-421.080155,44,33402.44768
-284.307402,22,33412.10766
-1901.450581,187,33429.69156
-54.309669,13,33439.3475
-87.464116,12,33447.65477
-236.438924,15,33457.57857
-192.695522,39,33467.58187
-356.29386,35,33477.5055
-302.668103,38,33488.25429
-23.557423,6,33497.66152
-196.873268,25,33507.23005
-72.009183,12,33516.07135
-191.077454,14,33524.73112
-186.341303,13,33533.99035
-59.554972,12,33543.56099
-35.182147,7,33552.06164
-44.883543,41,33562.00134
-209.814115,13,33571.00897
-266.717126,27,33580.76927
-259.257817,36,33590.60344
-22.531422,7,33598.91498
-26.601568,7,33608.35898
-185.289496,13,33617.9857
-182.115949,12,33626.4494
-198.834934,16,33635.86183
-214.885709,28,33645.06739
-220.964677,18,33655.12841
-197.39759,39,33665.21599
-183.068068,25,33674.67373
-113.48798,13,33683.78613
-188.946741,42,33823.95072
-179.530352,20,33834.05597
-348.418678,36,33844.40034
-162.361111,11,33852.87587
-179.377807,14,33861.64202
-281.570279,18,33871.65376
-527.236609,33,33881.81983
-125.637575,28,33891.56059
-236.477882,39,33902.41016
-232.537554,20,33911.67298
-39.619475,6,33920.21356
-370.797013,23,33929.78256
-128.297507,31,33939.75664
-175.227272,13,33949.59494
-136.465738,22,33958.19653
-170.327501,12,33967.66105
-336.733292,29,33977.84031
-414.381155,51,33988.34488
-363.693753,31,33998.10074
-191.321858,35,34008.18345
-95.129036,14,34016.53188
-223.016115,16,34026.42959
-158.785241,12,34035.71751
-62.214373,13,34045.09038
-203.859981,12,34054.83823
-177.995231,12,34063.44447
-177.531163,13,34073.15567
-318.043154,53,34083.88601
-275.59465,36,34093.94708
-190.267012,25,34103.3774
-90.108571,16,34112.28965
-80.513009,28,34121.53748
-179.33058,14,34130.79427
-148.850361,26,34141.04176
-230.298268,24,34150.88299
-200.274798,44,34161.00045
-172.346575,21,34169.70901
-341.191156,44,34179.76854
-170.260824,11,34189.38077
-2049.563645,174,34206.32653
-220.858728,21,34216.52583
-2067.520471,177,34352.32508
-165.328862,12,34360.54032
-58.93798,8,34369.67525
-257.464471,21,34378.28129
-122.912363,19,34387.55625
-42.64086,6,34396.37442
-376.47466,35,34406.4406
-186.075943,12,34415.67643
-151.813846,19,34424.27753
-231.928073,14,34434.23532
-1921.7492,184,34451.69446
-267.600801,33,34462.3719
-267.40852,15,34472.00401
-170.577176,11,34480.31337
-225.212724,32,34490.63051
-175.985767,12,34499.1904
-203.173068,39,34509.18542
-491.698817,44,34520.09764
-223.836462,45,34530.46322
-23.713096,6,34539.75688
-197.078019,24,34550.1772
-36.946266,6,34558.93615
-97.313565,14,34568.35203
-190.585612,12,34577.68041
-83.067309,12,34586.19035
-254.841596,32,34595.85912
-310.037848,40,34605.42418
-389.977301,42,34616.36532
-188.368597,15,34625.13784
-41.426913,8,34634.20586
-209.081472,27,34644.63664
-81.117496,13,34653.95088
-149.513391,38,34663.41112
-268.799885,34,34674.24474
-187.774352,12,34683.13783
-66.416525,11,34691.25875
-191.75756,48,34701.76761
-316.882443,37,34712.71424
-221.216296,14,34722.1304
-265.039395,40,34732.87111
-211.869069,36,34742.72024
-30.805284,6,34750.93486
-193.548087,13,34759.99237
-118.292201,14,34769.05456
-24.606879,7,34777.93471
-150.95293,36,34787.95135
-62.786253,14,34796.31054
-308.694998,18,34806.34287
-114.695422,21,34814.8562
-217.310253,42,34968.77199
-188.904434,11,34977.57871
-166.201889,11,34987.0898
-34.798331,6,34995.26021
-278.675964,38,35005.41793
-236.303466,35,35015.22635
-61.978881,12,35024.24029
-97.459564,21,35034.46065
-227.457681,22,35044.0587
-155.464188,13,35052.24632
-111.300818,54,35062.95903
-60.75592,12,35072.58966
-130.913541,11,35080.60556
-32.366783,7,35089.30971
-163.18458,15,35097.57855
-200.147627,52,35108.26951
-119.448696,31,35117.93359
-39.758346,9,35126.89638
-102.605076,15,35136.56734
-169.631826,11,35144.94586
-87.416934,12,35153.82747
-178.614052,11,35162.94176
-41.825073,7,35171.74591
-165.38177,25,35181.12568
-173.367331,12,35190.26016
-334.437347,22,35200.13365
-152.837857,14,35208.70967
-384.850721,36,35218.58262
-86.994386,15,35228.38852
-194.992248,13,35237.23896
-119.499952,13,35245.75152
-167.711934,13,35254.80766
-191.086009,18,35263.92619
-198.345977,15,35273.41013
-269.387519,47,35283.79385
-37.188961,7,35292.21522
-170.065485,11,35301.26413
-191.315745,12,35309.92736
-147.804795,10,35318.17802
-475.570553,53,35329.48431
-345.956399,37,35339.45147
-201.708489,12,35348.59171
-81.44648,15,35358.00463
-106.630643,16,35367.01546
-159.551017,12,35375.70678
-173.467803,41,35386.7781
-105.652273,16,35395.4897
-139.878511,25,35405.17814
-121.172821,14,35413.64601
-98.693214,12,35422.95266
-232.223934,41,35433.17334
-196.280739,16,35442.28353
-174.276785,11,35450.80919
-343.194439,36,35460.57015
-77.030076,21,35470.02812
-109.404709,17,35479.07013
-21.98282,6,35487.23444
-166.960256,35,35496.9888
-12.317215,8,35506.67492
-7.350426,6,35514.88111
-77.315483,13,35523.96234
-484.962524,34,35533.49488
-26.237432,7,35542.21108
-144.751861,37,35553.55227
-112.853395,15,35562.52829
-79.093579,12,35571.49716
-155.157873,19,35701.69969
-68.265359,11,35710.60473
-35.136598,8,35719.13269
-85.626289,15,35727.53739
-29.521573,6,35736.52304
-102.142185,14,35745.80713
-31.64016,7,35754.75122
-194.566991,14,35764.30876
-175.282495,45,35774.46902
-222.505461,24,35784.49097
-107.2054,29,35793.86778
-98.764091,40,35803.34796
-179.08706,14,35812.56368
-159.20739,12,35820.68383
-58.486421,12,35829.699
-182.098807,11,35838.55748
-28.545702,7,35847.17456
-379.625003,34,35857.19978
-220.835166,37,35867.44888
-213.69204,42,35877.12444
-153.565789,13,35885.98708
-230.068971,28,35895.91333
-145.190461,13,35904.68043
-202.562242,11,35913.68513
-156.88812,32,35923.08901
-280.289803,33,35933.66988
-171.166606,22,35942.97124
-72.589786,12,35951.23755
-162.752332,12,35960.14341
-91.382745,13,35968.61206
-376.334301,33,35978.54715
-69.601394,23,35987.67154
-295.645226,22,35997.2434
-170.891739,13,36007.03704
-23.831353,7,36015.60522
-145.644078,11,36023.72328
-221.509819,37,36033.53234
-174.975232,19,36042.84048
-255.803114,33,36053.22426
-153.971692,11,36061.88911
-133.915546,23,36071.05417
-197.099125,12,36080.53541
-39.173849,6,36089.00094
-193.024462,38,36099.36694
-161.854657,29,36108.96391
-141.942027,12,36117.08369
-142.864583,11,36125.5944
